Operator,Dataset,Num Rules,Fcoverage,Fsupport,Fconfidence,FWRAcc
0,abalone.csv,101,0.3583913673248563,0.3122656561869071,0.8736697414620543,0.1777652859914854
0,iris.csv,17,0.35057424666836434,0.32078553603259485,0.9178793569567691,0.1967642859972272
