Dataset,Rows,Cols,TotalLabels,OneHotCols,Complexity,"AARFI_(TLK,Ip)_MedianSec","AARFI_(TLK,Ip)_RulesMedian",Crisp_MedianSec,Crisp_RulesMedian
iris.csv,150,5,15,15,2250,0.018934600026113912,24,0.04379480000352487,20
wdbc.csv,569,11,32,32,18208,0.03732580001815222,56,0.1112896999984514,39
vehicle.csv,846,19,58,58,49068,0.13089859997853637,184,0.277506699989317,94
abalone.csv,4174,9,27,27,112698,0.16688629999407567,87,0.4435507000016514,105
magic.csv,19020,11,32,32,608640,0.8452890999906231,43,1.9403471000259742,13
online_news.csv,39644,59,177,137,7016988,11.182744000019738,6587,134.36754929999006,1914
global_house.csv,200000,24,91,84,18200000,19.385190100001637,389,45.53475530000287,123
