Operator,Dataset,Num Rules,Coverage,Support,Confidence
OP0,wdbc.csv,49,0.35967457720211576,0.3223544620737738,0.8976630532011693
OP1,wdbc.csv,51,0.3612162564315048,0.33589818606189653,0.9320784211158752
OP2,wdbc.csv,39,0.36604741521370715,0.32360194890927046,0.8839813394424243
OP3,wdbc.csv,84,0.3639504661162694,0.33746853861070814,0.9286539001124245
CRISP,wdbc.csv,67,0.3661306822652992,0.33924402591611363,0.9281892289026265
